Distances,RSSI
0.01,-27
0.01,-27
0.01,-27
0.01,-27
0.01,-27
0.01,-27
0.01,-27
0.01,-27
0.01,-27
0.01,-27
0.01,-27
0.01,-27
0.01,-27
0.01,-27
0.01,-27
0.01,-27
0.01,-27
0.01,-27
0.01,-27
0.01,-27
0.01,-27
0.01,-27
0.01,-27
0.01,-27
0.01,-27
0.01,-27
0.01,-27
0.01,-27
0.01,-27
0.01,-27
0.01,-27
0.01,-27
0.01,-27
0.01,-27
0.01,-27
0.01,-27
0.01,-27
0.01,-27
0.01,-27
0.01,-27
0.01,-27
0.01,-27
0.01,-27
0.01,-27
0.01,-27
0.01,-27
0.01,-27
0.01,-27
0.01,-27
0.01,-27
0.01,-27
0.01,-27
0.01,-27
0.01,-27
0.01,-27
0.01,-27
0.01,-27
0.01,-27
0.01,-27
0.01,-27
0.01,-27
0.01,-27
0.01,-27
0.01,-27
0.01,-27
0.01,-27
0.01,-27
0.01,-27
0.01,-27
0.01,-27
0.01,-27
0.01,-27
0.01,-27
0.01,-27
0.01,-27
0.01,-27
0.01,-27
0.01,-27
0.01,-27
0.01,-27
0.01,-27
0.01,-27
0.01,-27
0.01,-27
0.01,-27
0.01,-27
0.01,-27
0.01,-27
0.01,-27
0.01,-27
0.01,-27
0.01,-27
0.01,-27
0.01,-27
0.01,-27
0.01,-27
0.01,-27
0.01,-27
0.01,-27
0.01,-27
0.01,-27
0.01,-27
0.01,-27
0.01,-27
0.01,-27
0.01,-27
0.01,-27
0.01,-27
0.01,-27
0.01,-27
0.01,-27
0.01,-27
0.01,-27
0.01,-27
0.01,-27
0.01,-27
0.01,-27
0.01,-27
0.01,-27
0.01,-27
0.01,-27
0.01,-27
0.01,-27
0.01,-27
0.01,-27
0.01,-27
0.01,-27
0.01,-27
0.01,-27
0.01,-27
0.01,-27
0.01,-27
0.01,-27
0.01,-27
0.01,-27
0.01,-27
0.01,-27
0.01,-27
0.01,-27
0.01,-27
0.01,-27
0.01,-27
0.01,-27
0.01,-27
0.01,-27
0.01,-27
0.01,-27
0.01,-27
0.01,-27
0.01,-27
0.01,-27
0.01,-27
0.01,-27
0.01,-27
0.01,-27
0.01,-27
0.01,-27
0.01,-27
0.01,-27
0.01,-27
0.01,-27
0.01,-27
0.01,-27
0.01,-27
0.01,-27
0.01,-27
0.01,-27
0.01,-27
0.01,-27
0.01,-27
0.01,-27
0.01,-27
0.01,-27
0.01,-27
0.01,-27
0.01,-27
0.01,-27
0.01,-27
0.01,-27
0.01,-27
0.01,-27
0.01,-27
0.01,-27
0.01,-27
0.01,-27
0.01,-27
0.01,-27
0.01,-27
0.01,-27
0.01,-27
0.01,-27
0.01,-27
0.01,-27
0.01,-27
0.01,-27
0.01,-27
0.01,-27
0.01,-27
0.01,-27
0.01,-27
0.01,-27
0.01,-27
0.01,-27
0.01,-27
0.01,-27
0.01,-27
0.01,-27
0.01,-27
0.01,-27
0.01,-27
0.01,-27
0.01,-27
0.01,-27
0.01,-27
0.01,-27
0.01,-27
0.01,-27
0.01,-27
0.01,-27
0.01,-27
0.01,-27
0.01,-27
0.01,-27
0.01,-27
0.01,-27
0.01,-27
0.01,-27
0.01,-27
0.01,-27
0.01,-27
0.01,-27
0.01,-27
0.01,-27
0.01,-27
0.01,-27
0.01,-27
0.01,-27
0.01,-27
0.01,-27
0.01,-27
0.01,-27
0.01,-27
0.01,-27
0.01,-27
0.01,-27
0.01,-27
0.01,-27
0.01,-27
0.01,-27
0.01,-27
0.01,-27
0.01,-27
0.01,-27
0.01,-27
0.01,-27
0.01,-27
0.01,-27
0.01,-27
0.01,-27
0.01,-27
0.01,-27
0.01,-27
0.01,-27
0.01,-27
0.01,-27
0.01,-27
0.01,-27
0.01,-27
0.01,-27
0.01,-27
0.01,-27
0.01,-27
0.01,-27
0.01,-27
0.01,-27
0.01,-27
0.01,-26
0.01,-26
0.01,-26
0.01,-26
0.01,-26
0.01,-26
0.01,-26
0.01,-26
0.01,-26
0.01,-26
0.01,-26
0.01,-26
0.01,-26
0.01,-26
0.01,-26
0.01,-26
0.01,-26
0.01,-26
0.01,-26
0.01,-26
0.01,-26
0.01,-26
0.01,-26
0.01,-26
0.01,-26
0.01,-26
0.01,-26
0.01,-26
0.01,-26
0.01,-26
0.01,-26
0.01,-26
0.01,-26
0.01,-26
0.01,-26
0.01,-26
0.01,-26
0.01,-26
0.01,-26
0.01,-26
0.01,-26
0.01,-26
0.01,-26
0.01,-26
0.01,-26
0.01,-26
0.01,-26
0.01,-26
0.01,-26
0.01,-26
0.01,-26
0.01,-26
0.01,-26
0.01,-26
0.01,-26
0.01,-26
0.01,-26
0.01,-26
0.01,-26
0.01,-26
0.01,-26
0.01,-26
0.01,-26
0.01,-26
0.01,-26
0.01,-26
0.01,-26
0.01,-26
0.01,-26
0.01,-26
0.01,-26
0.01,-26
0.01,-26
0.01,-26
0.01,-26
0.01,-26
0.01,-26
0.01,-26
0.01,-26
0.01,-26
0.01,-26
0.01,-26
0.01,-26
0.01,-26
0.01,-26
0.01,-26
0.01,-26
0.01,-26
0.01,-26
0.01,-26
0.01,-26
0.01,-25
0.01,-24
0.01,-24
0.01,-24
0.01,-24
0.01,-24
0.01,-24
0.01,-24
0.01,-24
0.01,-24
0.01,-24
0.01,-24
0.01,-24
0.01,-24
0.01,-24
0.01,-24
0.01,-24
0.01,-24
0.01,-24
0.01,-24
0.01,-24
0.01,-24
0.01,-24
0.01,-24
0.01,-24
0.01,-24
0.01,-24
0.01,-24
0.01,-24
0.01,-24
0.01,-24
0.01,-24
0.01,-24
0.01,-24
0.01,-24
0.01,-24
0.01,-24
0.01,-24
0.01,-24
0.01,-24
0.01,-24
0.01,-24
0.01,-24
0.01,-24
0.01,-24
0.01,-24
0.01,-24
0.01,-24
0.01,-24
0.01,-24
0.01,-24
0.01,-24
0.01,-24
0.01,-24
0.01,-24
0.01,-24
0.01,-24
0.01,-24
0.01,-24
0.01,-24
0.01,-24
0.01,-24
0.01,-24
0.01,-24
0.01,-24
0.01,-24
0.01,-24
0.01,-24
0.01,-24
0.01,-24
0.01,-24
0.01,-24
0.01,-24
0.01,-24
0.01,-24
0.01,-24
0.01,-24
0.01,-24
0.01,-24
0.01,-24
0.01,-24
0.01,-24
0.01,-24
0.01,-24
0.01,-24
0.01,-24
0.01,-24
0.01,-24
0.01,-24
0.01,-24
0.01,-24
0.01,-24
0.01,-24
0.01,-24
0.01,-24
0.01,-24
0.01,-24
0.01,-24
0.01,-24
0.01,-23
0.01,-23
0.01,-23
0.01,-23
0.01,-23
0.01,-23
0.01,-23
0.01,-23
0.01,-23
0.01,-23
0.01,-23
0.01,-23
0.01,-23
0.01,-23
0.01,-23
0.01,-23
0.01,-23
0.01,-23
0.01,-23
0.01,-23
0.01,-23
0.01,-23
0.01,-23
0.01,-23
0.01,-23
0.01,-23
0.01,-23
0.01,-23
0.01,-23
0.01,-23
0.01,-23
0.01,-23
0.01,-23
0.01,-23
0.01,-23
0.01,-23
0.01,-23
0.01,-23
0.01,-23
0.01,-23
0.01,-23
0.01,-23
0.01,-23
0.01,-23
0.01,-23
0.1,-47
0.1,-46
0.1,-46
0.1,-46
0.1,-46
0.1,-46
0.1,-46
0.1,-46
0.1,-46
0.1,-46
0.1,-46
0.1,-46
0.1,-46
0.1,-46
0.1,-46
0.1,-46
0.1,-46
0.1,-46
0.1,-46
0.1,-46
0.1,-46
0.1,-46
0.1,-46
0.1,-46
0.1,-46
0.1,-46
0.1,-46
0.1,-46
0.1,-46
0.1,-46
0.1,-46
0.1,-46
0.1,-46
0.1,-46
0.1,-46
0.1,-46
0.1,-46
0.1,-46
0.1,-46
0.1,-46
0.1,-46
0.1,-46
0.1,-46
0.1,-45
0.1,-45
0.1,-45
0.1,-45
0.1,-45
0.1,-45
0.1,-45
0.1,-45
0.1,-45
0.1,-45
0.1,-45
0.1,-45
0.1,-45
0.1,-45
0.1,-45
0.1,-45
0.1,-45
0.1,-45
0.1,-45
0.1,-45
0.1,-45
0.1,-45
0.1,-45
0.1,-45
0.1,-45
0.1,-45
0.1,-45
0.1,-45
0.1,-45
0.1,-45
0.1,-45
0.1,-45
0.1,-45
0.1,-45
0.1,-45
0.1,-45
0.1,-45
0.1,-45
0.1,-45
0.1,-45
0.1,-45
0.1,-45
0.1,-45
0.1,-45
0.1,-45
0.1,-45
0.1,-45
0.1,-45
0.1,-45
0.1,-45
0.1,-45
0.1,-45
0.1,-45
0.1,-45
0.1,-45
0.1,-45
0.1,-45
0.1,-45
0.1,-45
0.1,-45
0.1,-45
0.1,-45
0.1,-45
0.1,-45
0.1,-45
0.1,-45
0.1,-45
0.1,-45
0.1,-45
0.1,-45
0.1,-45
0.1,-45
0.1,-45
0.1,-45
0.1,-45
0.1,-45
0.1,-45
0.1,-45
0.1,-45
0.1,-45
0.1,-45
0.1,-45
0.1,-45
0.1,-45
0.1,-45
0.1,-45
0.1,-45
0.1,-45
0.1,-45
0.1,-45
0.1,-45
0.1,-45
0.1,-45
0.1,-45
0.1,-45
0.1,-45
0.1,-45
0.1,-45
0.1,-45
0.1,-45
0.1,-45
0.1,-45
0.1,-45
0.1,-45
0.1,-45
0.1,-45
0.1,-45
0.1,-45
0.1,-45
0.1,-45
0.1,-45
0.1,-45
0.1,-45
0.1,-45
0.1,-45
0.1,-45
0.1,-45
0.1,-45
0.1,-44
0.1,-44
0.1,-44
0.1,-44
0.1,-44
0.1,-44
0.1,-44
0.1,-44
0.1,-44
0.1,-44
0.1,-44
0.1,-44
0.1,-44
0.1,-44
0.1,-44
0.1,-44
0.1,-44
0.1,-44
0.1,-44
0.1,-44
0.1,-44
0.1,-44
0.1,-44
0.1,-44
0.1,-44
0.1,-44
0.1,-44
0.1,-44
0.1,-44
0.1,-43
0.1,-43
0.1,-43
0.1,-43
0.1,-43
0.1,-43
0.1,-43
0.1,-43
0.1,-43
0.1,-43
0.1,-43
0.1,-43
0.1,-43
0.1,-43
0.1,-43
0.1,-43
0.1,-43
0.1,-43
0.1,-43
0.1,-43
0.1,-43
0.1,-43
0.1,-43
0.1,-43
0.1,-43
0.1,-43
0.1,-43
0.1,-43
0.1,-43
0.1,-43
0.1,-43
0.1,-43
0.1,-43
0.1,-43
0.1,-43
0.1,-43
0.1,-43
0.1,-43
0.1,-43
0.1,-43
0.1,-43
0.1,-43
0.1,-43
0.1,-43
0.1,-43
0.1,-43
0.1,-43
0.1,-43
0.1,-43
0.1,-43
0.1,-43
0.1,-43
0.1,-43
0.1,-43
0.1,-43
0.1,-43
0.1,-43
0.1,-43
0.1,-43
0.1,-43
0.1,-43
0.1,-43
0.1,-43
0.1,-43
0.1,-43
0.1,-43
0.1,-43
0.1,-43
0.1,-43
0.1,-43
0.1,-43
0.1,-43
0.1,-43
0.1,-43
0.1,-43
0.1,-43
0.1,-43
0.1,-43
0.1,-43
0.1,-43
0.1,-43
0.1,-43
0.1,-43
0.1,-43
0.1,-43
0.1,-43
0.1,-43
0.1,-43
0.1,-43
0.1,-43
0.1,-43
0.1,-43
0.1,-43
0.1,-43
0.1,-43
0.1,-43
0.1,-43
0.1,-43
0.1,-43
0.1,-43
0.1,-43
0.1,-43
0.1,-43
0.1,-43
0.1,-43
0.1,-43
0.1,-43
0.1,-43
0.1,-43
0.1,-43
0.1,-43
0.1,-43
0.1,-43
0.1,-43
0.1,-43
0.1,-43
0.1,-43
0.1,-43
0.1,-43
0.1,-43
0.1,-43
0.1,-43
0.1,-43
0.1,-43
0.1,-43
0.1,-43
0.1,-43
0.1,-43
0.1,-43
0.1,-43
0.1,-43
0.1,-43
0.1,-43
0.1,-43
0.1,-43
0.1,-43
0.1,-43
0.1,-43
0.1,-43
0.1,-43
0.1,-43
0.1,-43
0.1,-43
0.1,-43
0.1,-43
0.1,-43
0.1,-43
0.1,-43
0.1,-43
0.1,-43
0.1,-43
0.1,-43
0.1,-43
0.1,-43
0.1,-43
0.1,-43
0.1,-43
0.1,-43
0.1,-43
0.1,-43
0.1,-43
0.1,-43
0.1,-43
0.1,-43
0.1,-43
0.1,-43
0.1,-43
0.1,-43
0.1,-43
0.1,-43
0.1,-43
0.1,-43
0.1,-43
0.1,-43
0.1,-43
0.1,-43
0.1,-43
0.1,-43
0.1,-43
0.1,-43
0.1,-42
0.1,-42
0.1,-42
0.1,-42
0.1,-42
0.1,-42
0.1,-42
0.1,-42
0.1,-42
0.1,-42
0.1,-42
0.1,-42
0.1,-42
0.1,-42
0.1,-42
0.1,-42
0.1,-42
0.1,-42
0.1,-42
0.1,-42
0.1,-42
0.1,-42
0.1,-42
0.1,-42
0.1,-42
0.1,-42
0.1,-42
0.1,-42
0.1,-42
0.1,-42
0.1,-42
0.1,-42
0.1,-42
0.1,-42
0.1,-42
0.1,-42
0.1,-42
0.1,-42
0.1,-42
0.1,-42
0.1,-42
0.1,-42
0.1,-42
0.1,-42
0.1,-42
0.1,-42
0.1,-42
0.1,-42
0.1,-42
0.1,-42
0.1,-42
0.1,-42
0.1,-42
0.1,-42
0.1,-42
0.1,-42
0.1,-42
0.1,-42
0.1,-42
0.1,-42
0.1,-42
0.1,-42
0.1,-42
0.1,-42
0.1,-42
0.1,-42
0.1,-42
0.1,-42
0.1,-42
0.1,-42
0.1,-42
0.1,-42
0.1,-42
0.1,-42
0.1,-42
0.1,-42
0.1,-42
0.1,-42
0.1,-42
0.1,-42
0.1,-42
0.1,-42
0.1,-42
0.1,-42
0.1,-42
0.1,-42
0.1,-42
0.1,-42
0.1,-42
0.1,-42
0.1,-42
0.1,-42
0.1,-42
0.1,-42
0.1,-42
0.1,-42
0.1,-42
0.1,-42
0.1,-42
0.1,-42
0.1,-42
0.1,-42
0.1,-42
0.1,-42
0.1,-42
0.1,-42
0.1,-42
0.1,-42
0.1,-42
0.1,-42
0.1,-42
0.1,-42
0.1,-42
0.1,-42
0.1,-42
0.1,-42
0.1,-42
0.1,-42
0.1,-42
0.1,-42
0.1,-42
0.1,-42
0.1,-42
0.1,-42
0.1,-42
0.1,-42
0.1,-42
0.1,-42
0.1,-42
0.1,-42
0.1,-42
0.1,-42
0.1,-42
0.1,-42
0.1,-42
0.1,-42
0.1,-42
0.1,-42
0.1,-42
0.1,-42
0.1,-42
0.1,-42
0.1,-42
0.1,-42
0.1,-42
0.1,-42
0.1,-42
0.1,-42
0.1,-42
0.1,-42
0.1,-42
0.1,-42
0.1,-42
0.1,-42
0.1,-42
0.1,-42
0.1,-42
0.1,-42
0.1,-42
0.1,-42
0.1,-42
0.1,-42
0.1,-42
0.1,-42
0.1,-42
0.1,-42
0.1,-42
0.1,-42
0.1,-41
0.1,-39
0.1,-39
0.1,-39
0.1,-39
0.1,-39
0.1,-39
0.1,-39
0.1,-39
0.1,-39
0.1,-39
0.1,-39
0.1,-39
0.1,-39
0.1,-39
0.1,-39
0.1,-38
0.1,-38
0.1,-38
0.1,-38
0.1,-38
0.1,-38
0.1,-38
0.1,-38
0.1,-38
0.1,-38
0.1,-38
0.2,-49
0.2,-49
0.2,-49
0.2,-49
0.2,-49
0.2,-49
0.2,-49
0.2,-49
0.2,-49
0.2,-49
0.2,-49
0.2,-49
0.2,-49
0.2,-49
0.2,-49
0.2,-49
0.2,-49
0.2,-49
0.2,-49
0.2,-49
0.2,-49
0.2,-49
0.2,-49
0.2,-49
0.2,-49
0.2,-49
0.2,-49
0.2,-49
0.2,-49
0.2,-49
0.2,-49
0.2,-49
0.2,-49
0.2,-49
0.2,-49
0.2,-49
0.2,-49
0.2,-49
0.2,-49
0.2,-49
0.2,-49
0.2,-49
0.2,-49
0.2,-49
0.2,-49
0.2,-49
0.2,-49
0.2,-49
0.2,-49
0.2,-49
0.2,-49
0.2,-49
0.2,-49
0.2,-49
0.2,-49
0.2,-49
0.2,-49
0.2,-49
0.2,-49
0.2,-49
0.2,-49
0.2,-49
0.2,-49
0.2,-49
0.2,-49
0.2,-49
0.2,-49
0.2,-49
0.2,-49
0.2,-49
0.2,-49
0.2,-49
0.2,-49
0.2,-49
0.2,-49
0.2,-49
0.2,-49
0.2,-49
0.2,-49
0.2,-49
0.2,-49
0.2,-49
0.2,-49
0.2,-49
0.2,-49
0.2,-49
0.2,-49
0.2,-49
0.2,-49
0.2,-49
0.2,-49
0.2,-49
0.2,-48
0.2,-48
0.2,-48
0.2,-48
0.2,-48
0.2,-48
0.2,-48
0.2,-48
0.2,-48
0.2,-48
0.2,-48
0.2,-48
0.2,-48
0.2,-48
0.2,-48
0.2,-48
0.2,-48
0.2,-48
0.2,-48
0.2,-48
0.2,-48
0.2,-48
0.2,-48
0.2,-48
0.2,-48
0.2,-48
0.2,-48
0.2,-48
0.2,-48
0.2,-48
0.2,-48
0.2,-48
0.2,-48
0.2,-48
0.2,-48
0.2,-48
0.2,-48
0.2,-48
0.2,-48
0.2,-48
0.2,-48
0.2,-48
0.2,-48
0.2,-48
0.2,-48
0.2,-48
0.2,-48
0.2,-48
0.2,-48
0.2,-48
0.2,-48
0.2,-48
0.2,-48
0.2,-48
0.2,-48
0.2,-48
0.2,-48
0.2,-48
0.2,-48
0.2,-48
0.2,-48
0.2,-48
0.2,-48
0.2,-48
0.2,-47
0.2,-47
0.2,-47
0.2,-47
0.2,-47
0.2,-47
0.2,-47
0.2,-47
0.2,-47
0.2,-47
0.2,-47
0.2,-47
0.2,-47
0.2,-47
0.2,-46
0.2,-46
0.2,-46
0.2,-46
0.2,-46
0.2,-46
0.2,-46
0.2,-46
0.2,-46
0.2,-46
0.2,-46
0.2,-46
0.2,-46
0.2,-46
0.2,-46
0.2,-46
0.2,-46
0.2,-46
0.2,-46
0.2,-46
0.2,-46
0.2,-46
0.2,-46
0.2,-46
0.2,-46
0.2,-46
0.2,-46
0.2,-46
0.2,-46
0.2,-46
0.2,-46
0.2,-46
0.2,-46
0.2,-46
0.2,-46
0.2,-46
0.2,-46
0.2,-46
0.2,-46
0.2,-46
0.2,-46
0.2,-46
0.2,-46
0.2,-46
0.2,-46
0.2,-46
0.2,-46
0.2,-46
0.2,-46
0.2,-46
0.2,-46
0.2,-46
0.2,-46
0.2,-46
0.2,-46
0.2,-46
0.2,-46
0.2,-46
0.2,-46
0.2,-46
0.2,-46
0.2,-46
0.2,-46
0.2,-46
0.2,-46
0.2,-46
0.2,-46
0.2,-46
0.2,-46
0.2,-46
0.2,-46
0.2,-46
0.2,-46
0.2,-46
0.2,-46
0.2,-46
0.2,-46
0.2,-46
0.2,-46
0.2,-46
0.2,-46
0.2,-46
0.2,-46
0.2,-46
0.2,-46
0.2,-46
0.2,-46
0.2,-46
0.2,-46
0.2,-46
0.2,-46
0.2,-46
0.2,-46
0.2,-46
0.2,-46
0.2,-46
0.2,-46
0.2,-46
0.2,-46
0.2,-46
0.2,-46
0.2,-46
0.2,-46
0.2,-46
0.2,-46
0.2,-46
0.2,-46
0.2,-46
0.2,-46
0.2,-46
0.2,-46
0.2,-46
0.2,-46
0.2,-46
0.2,-46
0.2,-46
0.2,-46
0.2,-46
0.2,-46
0.2,-46
0.2,-46
0.2,-46
0.2,-46
0.2,-46
0.2,-46
0.2,-46
0.2,-46
0.2,-46
0.2,-46
0.2,-46
0.2,-46
0.2,-46
0.2,-46
0.2,-46
0.2,-46
0.2,-46
0.2,-46
0.2,-46
0.2,-46
0.2,-46
0.2,-46
0.2,-46
0.2,-46
0.2,-46
0.2,-46
0.2,-46
0.2,-46
0.2,-46
0.2,-46
0.2,-46
0.2,-46
0.2,-46
0.2,-46
0.2,-46
0.2,-46
0.2,-46
0.2,-46
0.2,-46
0.2,-46
0.2,-46
0.2,-46
0.2,-46
0.2,-46
0.2,-46
0.2,-46
0.2,-46
0.2,-46
0.2,-46
0.2,-46
0.2,-46
0.2,-46
0.2,-46
0.2,-46
0.2,-46
0.2,-46
0.2,-46
0.2,-46
0.2,-46
0.2,-46
0.2,-46
0.2,-46
0.2,-46
0.2,-46
0.2,-46
0.2,-46
0.2,-46
0.2,-46
0.2,-46
0.2,-46
0.2,-46
0.2,-46
0.2,-46
0.2,-46
0.2,-46
0.2,-46
0.2,-46
0.2,-46
0.2,-46
0.2,-46
0.2,-46
0.2,-45
0.2,-45
0.2,-45
0.2,-45
0.2,-45
0.2,-45
0.2,-45
0.2,-45
0.2,-45
0.2,-45
0.2,-45
0.2,-45
0.2,-45
0.2,-45
0.2,-45
0.2,-45
0.2,-45
0.2,-45
0.2,-45
0.2,-45
0.2,-45
0.2,-45
0.2,-45
0.2,-45
0.2,-45
0.2,-45
0.2,-45
0.2,-45
0.2,-45
0.2,-45
0.2,-45
0.2,-45
0.2,-45
0.2,-45
0.2,-45
0.2,-45
0.2,-45
0.2,-45
0.2,-45
0.2,-45
0.2,-45
0.2,-45
0.2,-45
0.2,-45
0.2,-45
0.2,-45
0.2,-45
0.2,-45
0.2,-45
0.2,-45
0.2,-45
0.2,-45
0.2,-45
0.2,-45
0.2,-45
0.2,-45
0.2,-45
0.2,-45
0.2,-45
0.2,-45
0.2,-45
0.2,-45
0.2,-45
0.2,-45
0.2,-45
0.2,-45
0.2,-45
0.2,-45
0.2,-45
0.2,-45
0.2,-45
0.2,-45
0.2,-45
0.2,-45
0.2,-45
0.2,-45
0.2,-45
0.2,-45
0.2,-45
0.2,-45
0.2,-45
0.2,-45
0.2,-45
0.2,-45
0.2,-45
0.2,-45
0.2,-45
0.2,-45
0.2,-45
0.2,-45
0.2,-45
0.2,-45
0.2,-45
0.2,-45
0.2,-45
0.2,-45
0.2,-45
0.2,-45
0.2,-45
0.2,-45
0.2,-45
0.2,-45
0.2,-45
0.2,-45
0.2,-45
0.2,-45
0.2,-45
0.2,-45
0.2,-45
0.2,-45
0.2,-45
0.2,-45
0.2,-45
0.2,-45
0.2,-45
0.2,-45
0.2,-45
0.2,-45
0.2,-45
0.2,-45
0.2,-45
0.2,-45
0.2,-45
0.2,-45
0.2,-45
0.2,-45
0.2,-45
0.2,-45
0.2,-45
0.2,-45
0.2,-45
0.2,-45
0.2,-45
0.2,-45
0.2,-45
0.2,-45
0.2,-44
0.2,-44
0.2,-44
0.2,-44
0.2,-44
0.2,-44
0.2,-44
0.2,-44
0.2,-44
0.2,-44
0.2,-44
0.2,-43
0.2,-42
0.2,-42
0.3,-56
0.3,-56
0.3,-56
0.3,-56
0.3,-55
0.3,-55
0.3,-55
0.3,-55
0.3,-55
0.3,-55
0.3,-55
0.3,-55
0.3,-55
0.3,-55
0.3,-55
0.3,-55
0.3,-55
0.3,-55
0.3,-55
0.3,-55
0.3,-55
0.3,-55
0.3,-55
0.3,-55
0.3,-55
0.3,-55
0.3,-55
0.3,-55
0.3,-55
0.3,-55
0.3,-55
0.3,-55
0.3,-55
0.3,-55
0.3,-55
0.3,-55
0.3,-55
0.3,-55
0.3,-55
0.3,-55
0.3,-55
0.3,-55
0.3,-55
0.3,-55
0.3,-55
0.3,-55
0.3,-55
0.3,-55
0.3,-55
0.3,-55
0.3,-55
0.3,-55
0.3,-55
0.3,-55
0.3,-55
0.3,-55
0.3,-55
0.3,-55
0.3,-55
0.3,-55
0.3,-55
0.3,-55
0.3,-55
0.3,-55
0.3,-55
0.3,-55
0.3,-55
0.3,-55
0.3,-55
0.3,-55
0.3,-55
0.3,-55
0.3,-55
0.3,-55
0.3,-55
0.3,-55
0.3,-55
0.3,-55
0.3,-55
0.3,-55
0.3,-55
0.3,-55
0.3,-55
0.3,-55
0.3,-55
0.3,-55
0.3,-55
0.3,-55
0.3,-55
0.3,-55
0.3,-55
0.3,-55
0.3,-55
0.3,-55
0.3,-55
0.3,-55
0.3,-55
0.3,-55
0.3,-55
0.3,-55
0.3,-55
0.3,-55
0.3,-55
0.3,-55
0.3,-55
0.3,-55
0.3,-55
0.3,-55
0.3,-55
0.3,-55
0.3,-55
0.3,-55
0.3,-55
0.3,-55
0.3,-55
0.3,-55
0.3,-55
0.3,-55
0.3,-55
0.3,-55
0.3,-55
0.3,-55
0.3,-55
0.3,-55
0.3,-55
0.3,-55
0.3,-55
0.3,-55
0.3,-55
0.3,-55
0.3,-55
0.3,-55
0.3,-55
0.3,-55
0.3,-55
0.3,-55
0.3,-55
0.3,-55
0.3,-55
0.3,-55
0.3,-55
0.3,-55
0.3,-55
0.3,-55
0.3,-55
0.3,-55
0.3,-55
0.3,-55
0.3,-55
0.3,-55
0.3,-55
0.3,-55
0.3,-55
0.3,-55
0.3,-55
0.3,-55
0.3,-55
0.3,-55
0.3,-55
0.3,-55
0.3,-55
0.3,-55
0.3,-55
0.3,-55
0.3,-55
0.3,-55
0.3,-55
0.3,-55
0.3,-55
0.3,-55
0.3,-54
0.3,-54
0.3,-54
0.3,-54
0.3,-54
0.3,-54
0.3,-54
0.3,-54
0.3,-54
0.3,-54
0.3,-54
0.3,-54
0.3,-54
0.3,-54
0.3,-54
0.3,-54
0.3,-54
0.3,-54
0.3,-54
0.3,-54
0.3,-52
0.3,-52
0.3,-50
0.3,-50
0.3,-50
0.3,-50
0.3,-50
0.3,-50
0.3,-50
0.3,-49
0.3,-49
0.3,-49
0.3,-49
0.3,-49
0.3,-49
0.3,-49
0.3,-49
0.3,-49
0.3,-49
0.3,-49
0.3,-49
0.3,-49
0.3,-49
0.3,-49
0.3,-49
0.3,-49
0.3,-49
0.3,-49
0.3,-49
0.3,-49
0.3,-49
0.3,-49
0.3,-49
0.3,-49
0.3,-49
0.3,-49
0.3,-49
0.3,-49
0.3,-49
0.3,-49
0.3,-49
0.3,-49
0.3,-49
0.3,-49
0.3,-49
0.3,-49
0.3,-49
0.3,-49
0.3,-49
0.3,-49
0.3,-49
0.3,-49
0.3,-49
0.3,-49
0.3,-49
0.3,-49
0.3,-49
0.3,-49
0.3,-49
0.3,-49
0.3,-49
0.3,-49
0.3,-49
0.3,-49
0.3,-49
0.3,-49
0.3,-49
0.3,-49
0.3,-49
0.3,-49
0.3,-49
0.3,-49
0.3,-49
0.3,-49
0.3,-49
0.3,-49
0.3,-49
0.3,-49
0.3,-49
0.3,-49
0.3,-49
0.3,-49
0.3,-49
0.3,-49
0.3,-49
0.3,-49
0.3,-49
0.3,-49
0.3,-49
0.3,-49
0.3,-49
0.3,-49
0.3,-49
0.3,-49
0.3,-49
0.3,-49
0.3,-49
0.3,-49
0.3,-49
0.3,-49
0.3,-49
0.3,-49
0.3,-49
0.3,-49
0.3,-49
0.3,-49
0.3,-49
0.3,-49
0.3,-49
0.3,-49
0.3,-49
0.3,-49
0.3,-49
0.3,-49
0.3,-49
0.3,-49
0.3,-49
0.3,-49
0.3,-49
0.3,-49
0.3,-49
0.3,-49
0.3,-49
0.3,-49
0.3,-49
0.3,-49
0.3,-49
0.3,-49
0.3,-49
0.3,-49
0.3,-49
0.3,-49
0.3,-49
0.3,-49
0.3,-49
0.3,-49
0.3,-49
0.3,-49
0.3,-49
0.3,-49
0.3,-49
0.3,-49
0.3,-49
0.3,-49
0.3,-49
0.3,-49
0.3,-49
0.3,-49
0.3,-49
0.3,-49
0.3,-49
0.3,-49
0.3,-49
0.3,-49
0.3,-49
0.3,-48
0.3,-48
0.3,-48
0.3,-48
0.3,-48
0.3,-48
0.3,-47
0.3,-47
0.3,-47
0.3,-47
0.3,-47
0.3,-47
0.3,-47
0.3,-47
0.3,-47
0.3,-47
0.3,-47
0.3,-47
0.3,-47
0.3,-47
0.3,-47
0.3,-47
0.3,-47
0.3,-47
0.3,-47
0.3,-47
0.3,-47
0.3,-47
0.3,-47
0.3,-47
0.3,-47
0.3,-47
0.3,-47
0.3,-47
0.3,-47
0.3,-47
0.3,-47
0.3,-47
0.3,-47
0.3,-47
0.3,-47
0.3,-47
0.3,-47
0.3,-47
0.3,-47
0.3,-47
0.3,-47
0.3,-47
0.3,-47
0.3,-47
0.3,-47
0.3,-47
0.3,-47
0.3,-47
0.3,-47
0.3,-47
0.3,-47
0.3,-47
0.3,-47
0.3,-47
0.3,-47
0.3,-47
0.3,-47
0.3,-47
0.3,-47
0.3,-47
0.3,-47
0.3,-47
0.3,-46
0.3,-46
0.3,-46
0.3,-46
0.3,-46
0.3,-46
0.3,-46
0.3,-46
0.3,-46
0.3,-46
0.3,-46
0.3,-46
0.3,-46
0.3,-46
0.3,-46
0.3,-46
0.3,-46
0.3,-46
0.3,-46
0.3,-46
0.3,-46
0.3,-46
0.3,-46
0.3,-46
0.3,-46
0.3,-46
0.3,-46
0.3,-46
0.3,-46
0.3,-46
0.3,-46
0.3,-46
0.3,-46
0.3,-46
0.3,-46
0.3,-46
0.3,-46
0.3,-46
0.3,-46
0.3,-46
0.3,-46
0.3,-46
0.3,-46
0.3,-46
0.3,-46
0.3,-46
0.3,-46
0.3,-46
0.3,-46
0.3,-46
0.3,-46
0.3,-46
0.3,-46
0.3,-46
0.3,-46
0.3,-46
0.3,-46
0.3,-46
0.3,-46
0.3,-46
0.3,-46
0.3,-46
0.3,-46
0.3,-46
0.3,-46
0.3,-46
0.3,-46
0.3,-46
0.3,-46
0.3,-46
0.3,-46
0.3,-46
0.3,-46
0.3,-46
0.3,-46
0.3,-46
0.3,-46
0.3,-46
0.3,-46
0.3,-46
0.3,-46
0.3,-46
0.3,-46
0.3,-46
0.3,-46
0.3,-46
0.3,-46
0.3,-46
0.3,-46
0.3,-46
0.3,-46
0.3,-46
0.3,-46
0.3,-46
0.3,-46
0.3,-46
0.3,-46
0.3,-46
0.3,-46
0.3,-46
0.3,-46
0.3,-46
0.3,-46
0.3,-46
0.3,-46
0.3,-46
0.3,-46
0.3,-46
0.3,-46
0.3,-42
0.4,-67
0.4,-67
0.4,-67
0.4,-66
0.4,-66
0.4,-65
0.4,-65
0.4,-65
0.4,-65
0.4,-65
0.4,-65
0.4,-65
0.4,-65
0.4,-65
0.4,-65
0.4,-65
0.4,-64
0.4,-64
0.4,-64
0.4,-64
0.4,-64
0.4,-64
0.4,-64
0.4,-64
0.4,-64
0.4,-64
0.4,-64
0.4,-64
0.4,-64
0.4,-64
0.4,-64
0.4,-64
0.4,-64
0.4,-64
0.4,-64
0.4,-64
0.4,-64
0.4,-64
0.4,-64
0.4,-64
0.4,-64
0.4,-64
0.4,-64
0.4,-64
0.4,-64
0.4,-64
0.4,-64
0.4,-64
0.4,-64
0.4,-63
0.4,-63
0.4,-63
0.4,-63
0.4,-63
0.4,-63
0.4,-63
0.4,-63
0.4,-63
0.4,-63
0.4,-63
0.4,-63
0.4,-63
0.4,-63
0.4,-63
0.4,-63
0.4,-63
0.4,-63
0.4,-63
0.4,-63
0.4,-63
0.4,-63
0.4,-63
0.4,-63
0.4,-63
0.4,-63
0.4,-63
0.4,-63
0.4,-63
0.4,-63
0.4,-63
0.4,-63
0.4,-63
0.4,-63
0.4,-63
0.4,-63
0.4,-63
0.4,-63
0.4,-63
0.4,-63
0.4,-63
0.4,-63
0.4,-63
0.4,-63
0.4,-63
0.4,-63
0.4,-63
0.4,-63
0.4,-63
0.4,-63
0.4,-63
0.4,-63
0.4,-63
0.4,-63
0.4,-63
0.4,-63
0.4,-63
0.4,-63
0.4,-63
0.4,-63
0.4,-63
0.4,-63
0.4,-63
0.4,-63
0.4,-63
0.4,-63
0.4,-63
0.4,-63
0.4,-63
0.4,-63
0.4,-63
0.4,-63
0.4,-63
0.4,-63
0.4,-63
0.4,-63
0.4,-63
0.4,-63
0.4,-63
0.4,-63
0.4,-63
0.4,-63
0.4,-63
0.4,-63
0.4,-63
0.4,-63
0.4,-63
0.4,-63
0.4,-63
0.4,-63
0.4,-63
0.4,-63
0.4,-63
0.4,-63
0.4,-63
0.4,-63
0.4,-63
0.4,-63
0.4,-63
0.4,-63
0.4,-63
0.4,-63
0.4,-63
0.4,-63
0.4,-63
0.4,-63
0.4,-63
0.4,-63
0.4,-63
0.4,-63
0.4,-63
0.4,-63
0.4,-63
0.4,-63
0.4,-63
0.4,-63
0.4,-63
0.4,-63
0.4,-63
0.4,-63
0.4,-63
0.4,-63
0.4,-63
0.4,-63
0.4,-63
0.4,-63
0.4,-63
0.4,-63
0.4,-62
0.4,-62
0.4,-62
0.4,-61
0.4,-61
0.4,-60
0.4,-55
0.4,-54
0.4,-54
0.4,-54
0.4,-53
0.4,-53
0.4,-53
0.4,-53
0.4,-53
0.4,-53
0.4,-53
0.4,-53
0.4,-53
0.4,-53
0.4,-53
0.4,-53
0.4,-53
0.4,-53
0.4,-53
0.4,-53
0.4,-53
0.4,-53
0.4,-53
0.4,-53
0.4,-53
0.4,-53
0.4,-53
0.4,-53
0.4,-53
0.4,-53
0.4,-53
0.4,-53
0.4,-53
0.4,-53
0.4,-53
0.4,-53
0.4,-53
0.4,-53
0.4,-53
0.4,-53
0.4,-53
0.4,-53
0.4,-53
0.4,-53
0.4,-53
0.4,-53
0.4,-53
0.4,-53
0.4,-53
0.4,-53
0.4,-53
0.4,-53
0.4,-53
0.4,-53
0.4,-53
0.4,-53
0.4,-53
0.4,-53
0.4,-53
0.4,-53
0.4,-53
0.4,-53
0.4,-53
0.4,-53
0.4,-53
0.4,-53
0.4,-53
0.4,-53
0.4,-53
0.4,-53
0.4,-53
0.4,-53
0.4,-53
0.4,-53
0.4,-53
0.4,-53
0.4,-53
0.4,-53
0.4,-53
0.4,-53
0.4,-53
0.4,-53
0.4,-53
0.4,-53
0.4,-53
0.4,-53
0.4,-53
0.4,-53
0.4,-53
0.4,-53
0.4,-53
0.4,-53
0.4,-53
0.4,-53
0.4,-53
0.4,-53
0.4,-53
0.4,-53
0.4,-53
0.4,-53
0.4,-53
0.4,-53
0.4,-53
0.4,-53
0.4,-53
0.4,-53
0.4,-53
0.4,-53
0.4,-53
0.4,-53
0.4,-53
0.4,-53
0.4,-53
0.4,-53
0.4,-53
0.4,-53
0.4,-53
0.4,-53
0.4,-53
0.4,-53
0.4,-53
0.4,-53
0.4,-53
0.4,-53
0.4,-53
0.4,-53
0.4,-53
0.4,-53
0.4,-53
0.4,-53
0.4,-53
0.4,-53
0.4,-53
0.4,-53
0.4,-53
0.4,-53
0.4,-53
0.4,-53
0.4,-53
0.4,-53
0.4,-53
0.4,-53
0.4,-53
0.4,-53
0.4,-53
0.4,-53
0.4,-53
0.4,-53
0.4,-53
0.4,-52
0.4,-52
0.4,-52
0.4,-52
0.4,-52
0.4,-52
0.4,-52
0.4,-52
0.4,-52
0.4,-52
0.4,-52
0.4,-52
0.4,-52
0.4,-52
0.4,-51
0.4,-51
0.4,-50
0.4,-50
0.4,-50
0.4,-50
0.4,-50
0.4,-50
0.4,-50
0.4,-50
0.4,-50
0.4,-50
0.4,-50
0.4,-50
0.4,-50
0.4,-50
0.4,-50
0.4,-50
0.4,-50
0.4,-50
0.4,-50
0.4,-50
0.4,-50
0.4,-50
0.4,-50
0.4,-50
0.4,-50
0.4,-50
0.4,-50
0.4,-50
0.4,-50
0.4,-50
0.4,-50
0.4,-50
0.4,-50
0.4,-50
0.4,-50
0.4,-50
0.4,-50
0.4,-49
0.4,-49
0.4,-49
0.4,-49
0.4,-49
0.4,-49
0.4,-49
0.4,-49
0.4,-49
0.4,-49
0.4,-49
0.4,-49
0.4,-49
0.4,-49
0.4,-49
0.4,-49
0.4,-49
0.4,-49
0.4,-49
0.4,-49
0.4,-49
0.4,-49
0.4,-49
0.4,-49
0.4,-49
0.4,-49
0.4,-49
0.4,-49
0.4,-49
0.4,-49
0.4,-49
0.4,-49
0.4,-49
0.4,-49
0.4,-49
0.4,-49
0.4,-49
0.4,-49
0.4,-49
0.4,-49
0.4,-49
0.4,-49
0.4,-49
0.4,-49
0.4,-49
0.4,-49
0.4,-49
0.4,-49
0.4,-49
0.4,-49
0.4,-49
0.4,-49
0.4,-49
0.4,-49
0.4,-49
0.4,-49
0.4,-49
0.4,-49
0.4,-49
0.4,-49
0.4,-49
0.4,-49
0.4,-49
0.4,-49
0.4,-49
0.4,-49
0.4,-49
0.4,-49
0.4,-49
0.4,-49
0.4,-49
0.4,-49
0.4,-49
0.4,-49
0.4,-49
0.4,-49
0.4,-49
0.4,-49
0.4,-49
0.4,-49
0.4,-49
0.4,-49
0.4,-49
0.4,-49
0.4,-49
0.4,-49
0.4,-49
0.4,-49
0.4,-49
0.4,-49
0.4,-49
0.4,-49
0.4,-49
0.4,-49
0.4,-49
0.4,-49
0.4,-49
0.4,-49
0.4,-49
0.4,-49
0.4,-49
0.4,-49
0.4,-49
0.4,-49
0.4,-49
0.4,-49
0.4,-49
0.4,-49
0.4,-49
0.4,-49
0.4,-49
0.4,-49
0.4,-49
0.4,-49
0.4,-49
0.4,-49
0.4,-49
0.4,-49
0.4,-49
0.4,-49
0.4,-49
0.4,-49
0.4,-49
0.4,-49
0.4,-48
0.4,-48
0.4,-45
0.6,-73
0.6,-71
0.6,-69
0.6,-69
0.6,-69
0.6,-69
0.6,-69
0.6,-69
0.6,-69
0.6,-69
0.6,-69
0.6,-69
0.6,-68
0.6,-68
0.6,-68
0.6,-68
0.6,-68
0.6,-68
0.6,-68
0.6,-68
0.6,-68
0.6,-68
0.6,-68
0.6,-68
0.6,-68
0.6,-68
0.6,-68
0.6,-68
0.6,-68
0.6,-67
0.6,-67
0.6,-67
0.6,-67
0.6,-67
0.6,-67
0.6,-67
0.6,-67
0.6,-67
0.6,-67
0.6,-67
0.6,-67
0.6,-67
0.6,-67
0.6,-67
0.6,-67
0.6,-67
0.6,-67
0.6,-66
0.6,-66
0.6,-66
0.6,-66
0.6,-66
0.6,-66
0.6,-66
0.6,-66
0.6,-66
0.6,-66
0.6,-66
0.6,-66
0.6,-66
0.6,-66
0.6,-66
0.6,-66
0.6,-66
0.6,-66
0.6,-66
0.6,-66
0.6,-66
0.6,-66
0.6,-66
0.6,-66
0.6,-66
0.6,-66
0.6,-66
0.6,-66
0.6,-66
0.6,-66
0.6,-66
0.6,-66
0.6,-66
0.6,-66
0.6,-66
0.6,-66
0.6,-66
0.6,-66
0.6,-66
0.6,-66
0.6,-66
0.6,-66
0.6,-66
0.6,-65
0.6,-65
0.6,-65
0.6,-65
0.6,-65
0.6,-65
0.6,-65
0.6,-65
0.6,-65
0.6,-65
0.6,-65
0.6,-65
0.6,-65
0.6,-65
0.6,-65
0.6,-65
0.6,-65
0.6,-65
0.6,-65
0.6,-65
0.6,-65
0.6,-65
0.6,-65
0.6,-65
0.6,-65
0.6,-65
0.6,-65
0.6,-65
0.6,-65
0.6,-65
0.6,-65
0.6,-65
0.6,-65
0.6,-65
0.6,-65
0.6,-65
0.6,-65
0.6,-65
0.6,-65
0.6,-65
0.6,-65
0.6,-65
0.6,-65
0.6,-65
0.6,-65
0.6,-65
0.6,-65
0.6,-65
0.6,-65
0.6,-65
0.6,-65
0.6,-64
0.6,-64
0.6,-64
0.6,-64
0.6,-64
0.6,-64
0.6,-64
0.6,-64
0.6,-64
0.6,-64
0.6,-64
0.6,-64
0.6,-64
0.6,-64
0.6,-64
0.6,-64
0.6,-64
0.6,-64
0.6,-64
0.6,-64
0.6,-64
0.6,-64
0.6,-64
0.6,-64
0.6,-64
0.6,-64
0.6,-64
0.6,-64
0.6,-63
0.6,-63
0.6,-63
0.6,-63
0.6,-63
0.6,-63
0.6,-63
0.6,-63
0.6,-63
0.6,-63
0.6,-63
0.6,-63
0.6,-63
0.6,-63
0.6,-63
0.6,-63
0.6,-63
0.6,-63
0.6,-63
0.6,-63
0.6,-63
0.6,-63
0.6,-63
0.6,-63
0.6,-63
0.6,-63
0.6,-63
0.6,-63
0.6,-62
0.6,-62
0.6,-62
0.6,-62
0.6,-62
0.6,-62
0.6,-62
0.6,-62
0.6,-62
0.6,-62
0.6,-62
0.6,-62
0.6,-62
0.6,-62
0.6,-62
0.6,-62
0.6,-62
0.6,-62
0.6,-62
0.6,-62
0.6,-62
0.6,-62
0.6,-62
0.6,-62
0.6,-62
0.6,-62
0.6,-62
0.6,-62
0.6,-62
0.6,-62
0.6,-62
0.6,-62
0.6,-62
0.6,-62
0.6,-62
0.6,-62
0.6,-62
0.6,-62
0.6,-62
0.6,-62
0.6,-62
0.6,-62
0.6,-62
0.6,-62
0.6,-62
0.6,-62
0.6,-62
0.6,-61
0.6,-61
0.6,-61
0.6,-61
0.6,-61
0.6,-61
0.6,-61
0.6,-61
0.6,-61
0.6,-61
0.6,-61
0.6,-61
0.6,-61
0.6,-61
0.6,-61
0.6,-61
0.6,-61
0.6,-61
0.6,-61
0.6,-61
0.6,-61
0.6,-61
0.6,-61
0.6,-61
0.6,-61
0.6,-61
0.6,-61
0.6,-61
0.6,-61
0.6,-61
0.6,-61
0.6,-61
0.6,-61
0.6,-61
0.6,-61
0.6,-61
0.6,-61
0.6,-61
0.6,-61
0.6,-61
0.6,-61
0.6,-61
0.6,-61
0.6,-61
0.6,-61
0.6,-61
0.6,-61
0.6,-61
0.6,-61
0.6,-61
0.6,-61
0.6,-61
0.6,-61
0.6,-61
0.6,-61
0.6,-61
0.6,-61
0.6,-61
0.6,-61
0.6,-61
0.6,-61
0.6,-61
0.6,-61
0.6,-61
0.6,-61
0.6,-61
0.6,-60
0.6,-60
0.6,-60
0.6,-60
0.6,-60
0.6,-60
0.6,-60
0.6,-60
0.6,-60
0.6,-60
0.6,-60
0.6,-60
0.6,-60
0.6,-60
0.6,-59
0.6,-59
0.6,-59
0.6,-59
0.6,-59
0.6,-59
0.6,-59
0.6,-59
0.6,-59
0.6,-59
0.6,-59
0.6,-59
0.6,-59
0.6,-59
0.6,-59
0.6,-59
0.6,-59
0.6,-59
0.6,-59
0.6,-59
0.6,-59
0.6,-58
0.6,-58
0.6,-58
0.6,-58
0.6,-58
0.6,-58
0.6,-58
0.6,-58
0.6,-58
0.6,-58
0.6,-58
0.6,-58
0.6,-58
0.6,-58
0.6,-58
0.6,-58
0.6,-58
0.6,-58
0.6,-58
0.6,-58
0.6,-58
0.6,-58
0.6,-58
0.6,-58
0.6,-58
0.6,-58
0.6,-58
0.6,-58
0.6,-58
0.6,-58
0.6,-58
0.6,-58
0.6,-58
0.6,-58
0.6,-58
0.6,-58
0.6,-58
0.6,-58
0.6,-58
0.6,-58
0.6,-58
0.6,-58
0.6,-58
0.6,-58
0.6,-58
0.6,-58
0.6,-58
0.6,-58
0.6,-58
0.6,-58
0.6,-58
0.6,-58
0.6,-58
0.6,-58
0.6,-58
0.6,-58
0.6,-58
0.6,-58
0.6,-58
0.6,-58
0.6,-58
0.6,-58
0.6,-58
0.6,-58
0.6,-58
0.6,-58
0.6,-58
0.6,-58
0.6,-57
0.6,-57
0.6,-57
0.6,-57
0.6,-57
0.6,-57
0.6,-57
0.6,-57
0.6,-57
0.6,-57
0.6,-57
0.6,-57
0.6,-57
0.6,-57
0.6,-57
0.6,-57
0.6,-57
0.6,-57
0.6,-57
0.6,-57
0.6,-57
0.6,-57
0.6,-57
0.6,-57
0.6,-57
0.6,-57
0.6,-57
0.6,-57
0.6,-57
0.6,-57
0.6,-57
0.6,-57
0.6,-57
0.6,-57
0.6,-57
0.6,-57
0.6,-57
0.6,-57
0.6,-57
0.6,-57
0.6,-57
0.6,-57
0.6,-57
0.6,-57
0.6,-57
0.6,-57
0.6,-57
0.6,-57
0.6,-57
0.6,-57
0.6,-57
0.6,-57
0.6,-57
0.6,-57
0.6,-57
0.6,-57
0.6,-57
0.6,-57
0.6,-57
0.6,-57
0.6,-57
0.6,-57
0.6,-57
0.6,-57
0.6,-57
0.6,-57
0.6,-57
0.6,-57
0.6,-57
0.6,-57
0.6,-57
0.6,-57
0.6,-57
0.6,-57
0.6,-57
0.6,-57
0.6,-57
0.6,-57
0.6,-57
0.6,-57
0.6,-57
0.6,-57
0.6,-56
0.6,-56
0.6,-56
0.6,-56
0.6,-56
0.7,-66
0.7,-66
0.7,-66
0.7,-65
0.7,-65
0.7,-65
0.7,-65
0.7,-65
0.7,-65
0.7,-65
0.7,-64
0.7,-64
0.7,-64
0.7,-64
0.7,-64
0.7,-64
0.7,-64
0.7,-64
0.7,-64
0.7,-64
0.7,-64
0.7,-64
0.7,-64
0.7,-64
0.7,-64
0.7,-64
0.7,-64
0.7,-64
0.7,-64
0.7,-64
0.7,-64
0.7,-64
0.7,-64
0.7,-64
0.7,-64
0.7,-64
0.7,-64
0.7,-64
0.7,-64
0.7,-64
0.7,-64
0.7,-64
0.7,-64
0.7,-64
0.7,-64
0.7,-64
0.7,-64
0.7,-64
0.7,-64
0.7,-64
0.7,-64
0.7,-64
0.7,-64
0.7,-64
0.7,-64
0.7,-64
0.7,-64
0.7,-64
0.7,-64
0.7,-64
0.7,-64
0.7,-64
0.7,-64
0.7,-64
0.7,-64
0.7,-64
0.7,-64
0.7,-64
0.7,-64
0.7,-64
0.7,-64
0.7,-64
0.7,-64
0.7,-64
0.7,-64
0.7,-64
0.7,-64
0.7,-64
0.7,-64
0.7,-64
0.7,-63
0.7,-63
0.7,-63
0.7,-63
0.7,-63
0.7,-63
0.7,-63
0.7,-63
0.7,-63
0.7,-63
0.7,-63
0.7,-63
0.7,-63
0.7,-63
0.7,-63
0.7,-63
0.7,-63
0.7,-63
0.7,-63
0.7,-63
0.7,-63
0.7,-63
0.7,-63
0.7,-63
0.7,-63
0.7,-63
0.7,-63
0.7,-63
0.7,-63
0.7,-63
0.7,-63
0.7,-63
0.7,-63
0.7,-63
0.7,-63
0.7,-63
0.7,-63
0.7,-63
0.7,-63
0.7,-63
0.7,-63
0.7,-63
0.7,-63
0.7,-63
0.7,-63
0.7,-63
0.7,-63
0.7,-63
0.7,-63
0.7,-63
0.7,-63
0.7,-63
0.7,-63
0.7,-63
0.7,-63
0.7,-63
0.7,-63
0.7,-63
0.7,-63
0.7,-63
0.7,-63
0.7,-63
0.7,-63
0.7,-63
0.7,-63
0.7,-63
0.7,-63
0.7,-63
0.7,-63
0.7,-63
0.7,-63
0.7,-63
0.7,-63
0.7,-63
0.7,-63
0.7,-63
0.7,-63
0.7,-63
0.7,-63
0.7,-63
0.7,-63
0.7,-63
0.7,-63
0.7,-63
0.7,-63
0.7,-63
0.7,-63
0.7,-63
0.7,-63
0.7,-63
0.7,-63
0.7,-63
0.7,-63
0.7,-63
0.7,-63
0.7,-63
0.7,-62
0.7,-62
0.7,-62
0.7,-62
0.7,-62
0.7,-62
0.7,-62
0.7,-62
0.7,-62
0.7,-62
0.7,-62
0.7,-62
0.7,-62
0.7,-62
0.7,-62
0.7,-62
0.7,-61
0.7,-61
0.7,-60
0.7,-60
0.7,-60
0.7,-60
0.7,-60
0.7,-60
0.7,-60
0.7,-60
0.7,-60
0.7,-60
0.7,-60
0.7,-59
0.7,-59
0.7,-59
0.7,-59
0.7,-59
0.7,-59
0.7,-59
0.7,-59
0.7,-59
0.7,-59
0.7,-59
0.7,-59
0.7,-59
0.7,-59
0.7,-59
0.7,-59
0.7,-59
0.7,-59
0.7,-59
0.7,-59
0.7,-59
0.7,-59
0.7,-59
0.7,-59
0.7,-59
0.7,-59
0.7,-59
0.7,-59
0.7,-59
0.7,-59
0.7,-59
0.7,-59
0.7,-59
0.7,-59
0.7,-59
0.7,-59
0.7,-59
0.7,-59
0.7,-59
0.7,-59
0.7,-59
0.7,-59
0.7,-59
0.7,-59
0.7,-59
0.7,-59
0.7,-59
0.7,-59
0.7,-59
0.7,-59
0.7,-59
0.7,-59
0.7,-59
0.7,-59
0.7,-59
0.7,-59
0.7,-59
0.7,-59
0.7,-59
0.7,-59
0.7,-59
0.7,-59
0.7,-59
0.7,-59
0.7,-59
0.7,-59
0.7,-59
0.7,-59
0.7,-59
0.7,-59
0.7,-59
0.7,-59
0.7,-59
0.7,-59
0.7,-59
0.7,-59
0.7,-59
0.7,-59
0.7,-59
0.7,-59
0.7,-59
0.7,-59
0.7,-59
0.7,-59
0.7,-59
0.7,-59
0.7,-59
0.7,-59
0.7,-59
0.7,-59
0.7,-59
0.7,-59
0.7,-59
0.7,-59
0.7,-59
0.7,-59
0.7,-59
0.7,-59
0.7,-59
0.7,-59
0.7,-59
0.7,-59
0.7,-59
0.7,-59
0.7,-59
0.7,-58
0.7,-58
0.7,-58
0.7,-58
0.7,-58
0.7,-58
0.7,-58
0.7,-58
0.7,-58
0.7,-58
0.7,-58
0.7,-58
0.7,-58
0.7,-58
0.7,-58
0.7,-58
0.7,-58
0.7,-58
0.7,-58
0.7,-58
0.7,-58
0.7,-58
0.7,-58
0.7,-58
0.7,-58
0.7,-58
0.7,-58
0.7,-58
0.7,-58
0.7,-58
0.7,-58
0.7,-58
0.7,-58
0.7,-57
0.7,-57
0.7,-57
0.7,-57
0.7,-57
0.7,-56
0.7,-56
0.7,-56
0.7,-56
0.7,-56
0.7,-56
0.7,-56
0.7,-56
0.7,-56
0.7,-56
0.7,-56
0.7,-56
0.7,-56
0.7,-56
0.7,-56
0.7,-56
0.7,-56
0.7,-56
0.7,-56
0.7,-56
0.7,-56
0.7,-56
0.7,-56
0.7,-56
0.7,-56
0.7,-56
0.7,-56
0.7,-56
0.7,-56
0.7,-56
0.7,-56
0.7,-56
0.7,-56
0.7,-56
0.7,-56
0.7,-56
0.7,-56
0.7,-56
0.7,-56
0.7,-56
0.7,-56
0.7,-56
0.7,-56
0.7,-56
0.7,-56
0.7,-56
0.7,-56
0.7,-56
0.7,-56
0.7,-56
0.7,-56
0.7,-56
0.7,-56
0.7,-56
0.7,-56
0.7,-56
0.7,-56
0.7,-56
0.7,-56
0.7,-56
0.7,-56
0.7,-56
0.7,-56
0.7,-56
0.7,-56
0.7,-56
0.7,-56
0.7,-56
0.7,-56
0.7,-56
0.7,-56
0.7,-56
0.7,-56
0.7,-56
0.7,-56
0.7,-56
0.7,-56
0.7,-56
0.7,-56
0.7,-56
0.7,-56
0.7,-56
0.7,-56
0.7,-56
0.7,-56
0.7,-56
0.7,-56
0.7,-56
0.7,-56
0.7,-56
0.7,-56
0.7,-56
0.7,-56
0.7,-56
0.7,-56
0.7,-56
0.7,-56
0.7,-56
0.7,-56
0.7,-56
0.7,-56
0.7,-56
0.7,-56
0.7,-56
0.7,-56
0.7,-56
0.7,-56
0.7,-56
0.7,-56
0.7,-56
0.7,-56
0.7,-56
0.7,-56
0.7,-56
0.7,-56
0.7,-56
0.7,-56
0.7,-56
0.7,-55
0.7,-55
0.7,-55
0.7,-55
0.7,-55
0.7,-55
0.7,-55
0.7,-55
0.7,-55
0.7,-55
0.7,-55
0.7,-55
0.7,-55
0.7,-55
0.7,-55
0.7,-55
0.7,-55
0.7,-55
0.7,-55
0.7,-55
0.7,-55
0.7,-55
0.7,-55
0.7,-55
0.7,-55
0.7,-55
0.7,-55
0.7,-55
0.7,-55
0.7,-55
0.7,-55
0.7,-55
0.7,-55
0.7,-54
0.7,-54
0.7,-54
0.7,-54
0.7,-54
0.8,-67
0.8,-67
0.8,-67
0.8,-67
0.8,-67
0.8,-66
0.8,-66
0.8,-66
0.8,-66
0.8,-66
0.8,-66
0.8,-66
0.8,-66
0.8,-66
0.8,-66
0.8,-66
0.8,-66
0.8,-66
0.8,-66
0.8,-66
0.8,-66
0.8,-66
0.8,-66
0.8,-66
0.8,-66
0.8,-66
0.8,-66
0.8,-66
0.8,-66
0.8,-66
0.8,-66
0.8,-66
0.8,-66
0.8,-66
0.8,-66
0.8,-66
0.8,-66
0.8,-66
0.8,-66
0.8,-65
0.8,-65
0.8,-65
0.8,-65
0.8,-65
0.8,-65
0.8,-65
0.8,-65
0.8,-65
0.8,-65
0.8,-65
0.8,-65
0.8,-65
0.8,-65
0.8,-65
0.8,-65
0.8,-65
0.8,-65
0.8,-65
0.8,-65
0.8,-65
0.8,-65
0.8,-65
0.8,-65
0.8,-65
0.8,-65
0.8,-65
0.8,-65
0.8,-65
0.8,-65
0.8,-65
0.8,-65
0.8,-65
0.8,-65
0.8,-65
0.8,-65
0.8,-65
0.8,-65
0.8,-65
0.8,-65
0.8,-65
0.8,-65
0.8,-65
0.8,-65
0.8,-65
0.8,-65
0.8,-65
0.8,-65
0.8,-65
0.8,-65
0.8,-65
0.8,-65
0.8,-65
0.8,-65
0.8,-65
0.8,-65
0.8,-65
0.8,-65
0.8,-65
0.8,-65
0.8,-65
0.8,-65
0.8,-65
0.8,-65
0.8,-65
0.8,-65
0.8,-65
0.8,-65
0.8,-65
0.8,-65
0.8,-65
0.8,-65
0.8,-65
0.8,-65
0.8,-65
0.8,-65
0.8,-65
0.8,-65
0.8,-65
0.8,-65
0.8,-65
0.8,-65
0.8,-65
0.8,-65
0.8,-65
0.8,-64
0.8,-64
0.8,-64
0.8,-64
0.8,-64
0.8,-64
0.8,-64
0.8,-64
0.8,-64
0.8,-64
0.8,-64
0.8,-64
0.8,-64
0.8,-64
0.8,-64
0.8,-64
0.8,-64
0.8,-64
0.8,-64
0.8,-64
0.8,-64
0.8,-64
0.8,-64
0.8,-64
0.8,-64
0.8,-64
0.8,-64
0.8,-64
0.8,-64
0.8,-64
0.8,-64
0.8,-64
0.8,-64
0.8,-64
0.8,-64
0.8,-64
0.8,-63
0.8,-63
0.8,-63
0.8,-63
0.8,-63
0.8,-63
0.8,-63
0.8,-63
0.8,-63
0.8,-63
0.8,-63
0.8,-63
0.8,-63
0.8,-63
0.8,-63
0.8,-63
0.8,-63
0.8,-63
0.8,-63
0.8,-63
0.8,-63
0.8,-63
0.8,-63
0.8,-63
0.8,-63
0.8,-63
0.8,-63
0.8,-63
0.8,-63
0.8,-63
0.8,-63
0.8,-63
0.8,-63
0.8,-63
0.8,-63
0.8,-63
0.8,-63
0.8,-63
0.8,-63
0.8,-63
0.8,-63
0.8,-63
0.8,-63
0.8,-63
0.8,-63
0.8,-63
0.8,-63
0.8,-63
0.8,-63
0.8,-63
0.8,-63
0.8,-63
0.8,-63
0.8,-63
0.8,-63
0.8,-63
0.8,-63
0.8,-62
0.8,-62
0.8,-62
0.8,-62
0.8,-62
0.8,-62
0.8,-62
0.8,-62
0.8,-62
0.8,-62
0.8,-62
0.8,-62
0.8,-62
0.8,-62
0.8,-62
0.8,-62
0.8,-62
0.8,-62
0.8,-62
0.8,-62
0.8,-62
0.8,-62
0.8,-62
0.8,-62
0.8,-62
0.8,-62
0.8,-62
0.8,-62
0.8,-62
0.8,-62
0.8,-62
0.8,-62
0.8,-62
0.8,-62
0.8,-62
0.8,-62
0.8,-62
0.8,-62
0.8,-62
0.8,-62
0.8,-62
0.8,-62
0.8,-62
0.8,-62
0.8,-62
0.8,-62
0.8,-62
0.8,-62
0.8,-62
0.8,-62
0.8,-62
0.8,-62
0.8,-62
0.8,-62
0.8,-62
0.8,-62
0.8,-62
0.8,-62
0.8,-62
0.8,-62
0.8,-62
0.8,-62
0.8,-62
0.8,-62
0.8,-62
0.8,-62
0.8,-62
0.8,-62
0.8,-62
0.8,-62
0.8,-62
0.8,-62
0.8,-62
0.8,-62
0.8,-62
0.8,-62
0.8,-62
0.8,-62
0.8,-62
0.8,-62
0.8,-62
0.8,-62
0.8,-62
0.8,-62
0.8,-61
0.8,-61
0.8,-61
0.8,-61
0.8,-61
0.8,-61
0.8,-61
0.8,-61
0.8,-61
0.8,-61
0.8,-61
0.8,-61
0.8,-61
0.8,-61
0.8,-61
0.8,-61
0.8,-61
0.8,-61
0.8,-61
0.8,-61
0.8,-61
0.8,-61
0.8,-61
0.8,-61
0.8,-61
0.8,-61
0.8,-61
0.8,-61
0.8,-61
0.8,-61
0.8,-61
0.8,-61
0.8,-61
0.8,-61
0.8,-61
0.8,-61
0.8,-61
0.8,-61
0.8,-61
0.8,-61
0.8,-61
0.8,-61
0.8,-61
0.8,-61
0.8,-61
0.8,-60
0.8,-60
0.8,-60
0.8,-60
0.8,-60
0.8,-60
0.8,-60
0.8,-60
0.8,-60
0.8,-60
0.8,-60
0.8,-60
0.8,-60
0.8,-60
0.8,-60
0.8,-60
0.8,-60
0.8,-60
0.8,-60
0.8,-60
0.8,-60
0.8,-60
0.8,-60
0.8,-60
0.8,-60
0.8,-60
0.8,-60
0.8,-60
0.8,-60
0.8,-60
0.8,-60
0.8,-60
0.8,-60
0.8,-60
0.8,-60
0.8,-60
0.8,-60
0.8,-60
0.8,-60
0.8,-60
0.8,-60
0.8,-60
0.8,-60
0.8,-60
0.8,-60
0.8,-60
0.8,-60
0.8,-60
0.8,-60
0.8,-60
0.8,-60
0.8,-60
0.8,-60
0.8,-60
0.8,-60
0.8,-60
0.8,-60
0.8,-60
0.8,-60
0.8,-60
0.8,-60
0.8,-60
0.8,-60
0.8,-60
0.8,-60
0.8,-60
0.8,-60
0.8,-60
0.8,-60
0.8,-60
0.8,-60
0.8,-59
0.8,-59
0.8,-59
0.8,-59
0.8,-59
0.8,-59
0.8,-59
0.8,-59
0.8,-59
0.8,-59
0.8,-59
0.8,-59
0.8,-59
0.8,-59
0.8,-59
0.8,-59
0.8,-59
0.8,-59
0.8,-59
0.8,-59
0.8,-59
0.8,-59
0.8,-59
0.8,-59
0.8,-59
0.8,-59
0.8,-59
0.8,-58
0.8,-58
0.8,-58
0.9,-67
0.9,-67
0.9,-67
0.9,-66
0.9,-66
0.9,-66
0.9,-66
0.9,-66
0.9,-66
0.9,-65
0.9,-65
0.9,-65
0.9,-65
0.9,-65
0.9,-65
0.9,-65
0.9,-65
0.9,-65
0.9,-65
0.9,-65
0.9,-65
0.9,-65
0.9,-65
0.9,-65
0.9,-65
0.9,-65
0.9,-65
0.9,-65
0.9,-65
0.9,-65
0.9,-65
0.9,-65
0.9,-65
0.9,-65
0.9,-65
0.9,-65
0.9,-65
0.9,-65
0.9,-65
0.9,-65
0.9,-65
0.9,-65
0.9,-65
0.9,-65
0.9,-65
0.9,-65
0.9,-65
0.9,-65
0.9,-65
0.9,-65
0.9,-65
0.9,-64
0.9,-64
0.9,-64
0.9,-64
0.9,-64
0.9,-64
0.9,-64
0.9,-64
0.9,-64
0.9,-64
0.9,-64
0.9,-64
0.9,-64
0.9,-64
0.9,-64
0.9,-64
0.9,-64
0.9,-64
0.9,-64
0.9,-64
0.9,-64
0.9,-64
0.9,-64
0.9,-64
0.9,-64
0.9,-64
0.9,-64
0.9,-64
0.9,-64
0.9,-64
0.9,-64
0.9,-64
0.9,-64
0.9,-64
0.9,-64
0.9,-64
0.9,-64
0.9,-64
0.9,-64
0.9,-64
0.9,-64
0.9,-64
0.9,-64
0.9,-64
0.9,-64
0.9,-64
0.9,-64
0.9,-64
0.9,-64
0.9,-64
0.9,-64
0.9,-64
0.9,-64
0.9,-64
0.9,-64
0.9,-64
0.9,-64
0.9,-64
0.9,-64
0.9,-64
0.9,-64
0.9,-64
0.9,-64
0.9,-64
0.9,-64
0.9,-64
0.9,-64
0.9,-64
0.9,-64
0.9,-64
0.9,-64
0.9,-64
0.9,-64
0.9,-64
0.9,-64
0.9,-64
0.9,-64
0.9,-64
0.9,-64
0.9,-64
0.9,-64
0.9,-64
0.9,-64
0.9,-64
0.9,-64
0.9,-64
0.9,-64
0.9,-64
0.9,-64
0.9,-64
0.9,-64
0.9,-64
0.9,-64
0.9,-64
0.9,-64
0.9,-64
0.9,-64
0.9,-64
0.9,-64
0.9,-64
0.9,-64
0.9,-64
0.9,-64
0.9,-64
0.9,-64
0.9,-63
0.9,-63
0.9,-63
0.9,-63
0.9,-63
0.9,-63
0.9,-63
0.9,-63
0.9,-63
0.9,-63
0.9,-63
0.9,-63
0.9,-63
0.9,-63
0.9,-63
0.9,-63
0.9,-63
0.9,-63
0.9,-63
0.9,-63
0.9,-63
0.9,-63
0.9,-63
0.9,-63
0.9,-63
0.9,-63
0.9,-63
0.9,-63
0.9,-63
0.9,-63
0.9,-63
0.9,-63
0.9,-63
0.9,-63
0.9,-63
0.9,-63
0.9,-63
0.9,-63
0.9,-63
0.9,-63
0.9,-63
0.9,-63
0.9,-63
0.9,-63
0.9,-63
0.9,-63
0.9,-63
0.9,-63
0.9,-63
0.9,-63
0.9,-63
0.9,-63
0.9,-63
0.9,-63
0.9,-63
0.9,-63
0.9,-63
0.9,-63
0.9,-63
0.9,-63
0.9,-63
0.9,-63
0.9,-63
0.9,-63
0.9,-63
0.9,-63
0.9,-63
0.9,-63
0.9,-63
0.9,-63
0.9,-63
0.9,-63
0.9,-63
0.9,-63
0.9,-63
0.9,-63
0.9,-63
0.9,-63
0.9,-62
0.9,-62
0.9,-62
0.9,-62
0.9,-62
0.9,-62
0.9,-62
0.9,-62
0.9,-62
0.9,-62
0.9,-62
0.9,-62
0.9,-62
0.9,-62
0.9,-62
0.9,-62
0.9,-62
0.9,-62
0.9,-62
0.9,-62
0.9,-62
0.9,-62
0.9,-62
0.9,-62
0.9,-62
0.9,-62
0.9,-62
0.9,-62
0.9,-62
0.9,-62
0.9,-62
0.9,-62
0.9,-62
0.9,-62
0.9,-62
0.9,-62
0.9,-62
0.9,-62
0.9,-62
0.9,-62
0.9,-62
0.9,-62
0.9,-62
0.9,-62
0.9,-62
0.9,-61
0.9,-61
0.9,-61
0.9,-61
0.9,-61
0.9,-61
0.9,-61
0.9,-61
0.9,-61
0.9,-61
0.9,-61
0.9,-61
0.9,-61
0.9,-61
0.9,-61
0.9,-61
0.9,-61
0.9,-61
0.9,-60
0.9,-60
0.9,-60
0.9,-60
0.9,-60
0.9,-60
0.9,-60
0.9,-60
0.9,-60
0.9,-60
0.9,-60
0.9,-60
0.9,-60
0.9,-60
0.9,-60
0.9,-60
0.9,-60
0.9,-60
0.9,-60
0.9,-60
0.9,-60
0.9,-60
0.9,-60
0.9,-60
0.9,-60
0.9,-60
0.9,-60
0.9,-60
0.9,-60
0.9,-60
0.9,-60
0.9,-60
0.9,-60
0.9,-60
0.9,-60
0.9,-60
0.9,-60
0.9,-60
0.9,-60
0.9,-60
0.9,-60
0.9,-60
0.9,-60
0.9,-60
0.9,-60
0.9,-60
0.9,-59
0.9,-59
0.9,-59
0.9,-59
0.9,-59
0.9,-59
0.9,-59
0.9,-59
0.9,-59
0.9,-59
0.9,-59
0.9,-59
0.9,-59
0.9,-59
0.9,-59
0.9,-59
0.9,-59
0.9,-59
0.9,-59
0.9,-59
0.9,-59
0.9,-59
0.9,-59
0.9,-59
0.9,-59
0.9,-59
0.9,-59
0.9,-59
0.9,-59
0.9,-59
0.9,-59
0.9,-59
0.9,-59
0.9,-59
0.9,-59
0.9,-59
0.9,-59
0.9,-59
0.9,-59
0.9,-59
0.9,-59
0.9,-59
0.9,-59
0.9,-59
0.9,-59
0.9,-59
0.9,-59
0.9,-59
0.9,-59
0.9,-59
0.9,-59
0.9,-59
0.9,-59
0.9,-59
0.9,-59
0.9,-59
0.9,-59
0.9,-59
0.9,-59
0.9,-59
0.9,-59
0.9,-59
0.9,-59
0.9,-59
0.9,-59
0.9,-59
0.9,-59
0.9,-59
0.9,-59
0.9,-59
0.9,-59
0.9,-59
0.9,-59
0.9,-59
0.9,-59
0.9,-59
0.9,-59
0.9,-59
0.9,-59
0.9,-59
0.9,-59
0.9,-59
0.9,-59
0.9,-59
0.9,-59
0.9,-59
0.9,-59
0.9,-59
0.9,-59
0.9,-59
0.9,-59
0.9,-59
0.9,-59
0.9,-59
0.9,-59
0.9,-59
0.9,-59
0.9,-59
0.9,-59
0.9,-59
0.9,-59
0.9,-59
0.9,-59
0.9,-59
0.9,-59
0.9,-59
0.9,-59
0.9,-59
0.9,-59
0.9,-59
0.9,-59
0.9,-59
0.9,-59
0.9,-59
0.9,-59
0.9,-59
0.9,-59
0.9,-59
0.9,-59
0.9,-59
0.9,-59
0.9,-59
0.9,-59
0.9,-59
0.9,-59
0.9,-59
0.9,-59
0.9,-59
0.9,-59
0.9,-59
0.9,-59
0.9,-59
0.9,-59
0.9,-59
0.9,-59
0.9,-59
0.9,-59
0.9,-59
0.9,-59
0.9,-59
0.9,-59
0.9,-59
0.9,-59
0.9,-59
0.9,-59
0.9,-59
0.9,-59
0.9,-59
0.9,-59
0.9,-59
0.9,-59
0.9,-59
0.9,-59
0.9,-59
0.9,-59
0.9,-59
0.9,-59
0.9,-59
0.9,-59
0.9,-59
0.9,-59
0.9,-59
0.9,-59
0.9,-59
0.9,-59
0.9,-59
0.9,-59
0.9,-59
0.9,-59
0.9,-59
0.9,-58
0.9,-58
0.9,-58
0.9,-58
0.9,-58
0.9,-58
0.9,-58
0.9,-58
0.9,-58
0.9,-58
0.9,-58
0.9,-58
0.9,-58
0.9,-58
0.9,-58
0.9,-58
0.9,-58
0.9,-58
0.9,-58
0.9,-58
0.9,-58
0.9,-58
0.9,-58
0.9,-58
0.9,-58
0.9,-58
0.9,-58
0.9,-58
0.9,-58
0.9,-58
0.9,-58
0.9,-58
0.9,-58
0.9,-58
0.9,-58
0.9,-58
0.9,-57
1.0,-74
1.0,-73
1.0,-73
1.0,-73
1.0,-72
1.0,-71
1.0,-71
1.0,-71
1.0,-71
1.0,-71
1.0,-71
1.0,-71
1.0,-71
1.0,-71
1.0,-70
1.0,-70
1.0,-70
1.0,-70
1.0,-70
1.0,-70
1.0,-70
1.0,-70
1.0,-70
1.0,-70
1.0,-70
1.0,-70
1.0,-70
1.0,-70
1.0,-70
1.0,-70
1.0,-70
1.0,-70
1.0,-70
1.0,-70
1.0,-70
1.0,-69
1.0,-69
1.0,-69
1.0,-69
1.0,-69
1.0,-69
1.0,-69
1.0,-69
1.0,-69
1.0,-69
1.0,-69
1.0,-69
1.0,-69
1.0,-69
1.0,-69
1.0,-69
1.0,-69
1.0,-69
1.0,-69
1.0,-69
1.0,-69
1.0,-69
1.0,-69
1.0,-68
1.0,-68
1.0,-68
1.0,-68
1.0,-68
1.0,-68
1.0,-68
1.0,-68
1.0,-68
1.0,-68
1.0,-68
1.0,-68
1.0,-68
1.0,-68
1.0,-68
1.0,-68
1.0,-68
1.0,-68
1.0,-68
1.0,-68
1.0,-68
1.0,-68
1.0,-68
1.0,-68
1.0,-68
1.0,-68
1.0,-68
1.0,-67
1.0,-67
1.0,-67
1.0,-67
1.0,-67
1.0,-67
1.0,-67
1.0,-67
1.0,-67
1.0,-67
1.0,-67
1.0,-67
1.0,-67
1.0,-67
1.0,-67
1.0,-67
1.0,-67
1.0,-67
1.0,-67
1.0,-67
1.0,-67
1.0,-67
1.0,-67
1.0,-67
1.0,-67
1.0,-67
1.0,-67
1.0,-67
1.0,-67
1.0,-67
1.0,-67
1.0,-67
1.0,-67
1.0,-67
1.0,-67
1.0,-67
1.0,-67
1.0,-67
1.0,-67
1.0,-67
1.0,-67
1.0,-67
1.0,-67
1.0,-67
1.0,-67
1.0,-67
1.0,-67
1.0,-67
1.0,-67
1.0,-67
1.0,-67
1.0,-67
1.0,-67
1.0,-67
1.0,-67
1.0,-67
1.0,-67
1.0,-67
1.0,-67
1.0,-67
1.0,-67
1.0,-67
1.0,-67
1.0,-66
1.0,-66
1.0,-66
1.0,-66
1.0,-66
1.0,-66
1.0,-66
1.0,-66
1.0,-66
1.0,-66
1.0,-66
1.0,-66
1.0,-66
1.0,-66
1.0,-66
1.0,-66
1.0,-66
1.0,-66
1.0,-66
1.0,-66
1.0,-66
1.0,-66
1.0,-66
1.0,-66
1.0,-66
1.0,-66
1.0,-66
1.0,-66
1.0,-66
1.0,-66
1.0,-66
1.0,-66
1.0,-66
1.0,-66
1.0,-66
1.0,-66
1.0,-66
1.0,-66
1.0,-66
1.0,-66
1.0,-66
1.0,-66
1.0,-66
1.0,-66
1.0,-66
1.0,-66
1.0,-66
1.0,-66
1.0,-66
1.0,-66
1.0,-66
1.0,-66
1.0,-66
1.0,-66
1.0,-66
1.0,-66
1.0,-66
1.0,-66
1.0,-66
1.0,-66
1.0,-66
1.0,-66
1.0,-66
1.0,-66
1.0,-66
1.0,-66
1.0,-66
1.0,-66
1.0,-66
1.0,-66
1.0,-66
1.0,-66
1.0,-66
1.0,-66
1.0,-66
1.0,-66
1.0,-66
1.0,-66
1.0,-66
1.0,-66
1.0,-66
1.0,-66
1.0,-66
1.0,-66
1.0,-66
1.0,-66
1.0,-66
1.0,-66
1.0,-66
1.0,-66
1.0,-66
1.0,-66
1.0,-66
1.0,-66
1.0,-65
1.0,-65
1.0,-65
1.0,-65
1.0,-65
1.0,-65
1.0,-65
1.0,-65
1.0,-65
1.0,-65
1.0,-65
1.0,-65
1.0,-65
1.0,-65
1.0,-65
1.0,-65
1.0,-65
1.0,-65
1.0,-65
1.0,-65
1.0,-65
1.0,-65
1.0,-65
1.0,-65
1.0,-65
1.0,-65
1.0,-65
1.0,-65
1.0,-65
1.0,-65
1.0,-65
1.0,-65
1.0,-65
1.0,-65
1.0,-65
1.0,-65
1.0,-65
1.0,-65
1.0,-65
1.0,-65
1.0,-65
1.0,-65
1.0,-65
1.0,-65
1.0,-65
1.0,-65
1.0,-65
1.0,-65
1.0,-65
1.0,-65
1.0,-65
1.0,-65
1.0,-65
1.0,-65
1.0,-65
1.0,-65
1.0,-65
1.0,-65
1.0,-65
1.0,-65
1.0,-65
1.0,-65
1.0,-65
1.0,-65
1.0,-65
1.0,-65
1.0,-65
1.0,-65
1.0,-65
1.0,-65
1.0,-65
1.0,-65
1.0,-65
1.0,-65
1.0,-65
1.0,-65
1.0,-65
1.0,-65
1.0,-65
1.0,-65
1.0,-65
1.0,-65
1.0,-65
1.0,-65
1.0,-65
1.0,-65
1.0,-65
1.0,-65
1.0,-65
1.0,-65
1.0,-65
1.0,-65
1.0,-65
1.0,-65
1.0,-65
1.0,-65
1.0,-65
1.0,-65
1.0,-65
1.0,-65
1.0,-65
1.0,-65
1.0,-65
1.0,-65
1.0,-65
1.0,-65
1.0,-65
1.0,-65
1.0,-65
1.0,-65
1.0,-65
1.0,-65
1.0,-65
1.0,-65
1.0,-65
1.0,-65
1.0,-65
1.0,-65
1.0,-65
1.0,-65
1.0,-65
1.0,-65
1.0,-65
1.0,-65
1.0,-65
1.0,-65
1.0,-65
1.0,-64
1.0,-64
1.0,-64
1.0,-64
1.0,-64
1.0,-64
1.0,-64
1.0,-64
1.0,-64
1.0,-64
1.0,-64
1.0,-64
1.0,-64
1.0,-64
1.0,-64
1.0,-64
1.0,-64
1.0,-64
1.0,-64
1.0,-64
1.0,-64
1.0,-64
1.0,-64
1.0,-64
1.0,-64
1.0,-64
1.0,-64
1.0,-64
1.0,-64
1.0,-64
1.0,-64
1.0,-64
1.0,-64
1.0,-64
1.0,-64
1.0,-64
1.0,-64
1.0,-64
1.0,-64
1.0,-64
1.0,-64
1.0,-64
1.0,-64
1.0,-64
1.0,-64
1.0,-64
1.0,-64
1.0,-64
1.0,-64
1.0,-64
1.0,-64
1.0,-64
1.0,-64
1.0,-64
1.0,-64
1.0,-64
1.0,-64
1.0,-64
1.0,-64
1.0,-64
1.0,-64
1.0,-64
1.0,-64
1.0,-64
1.0,-64
1.0,-64
1.0,-64
1.0,-64
1.0,-64
1.0,-64
1.0,-64
1.0,-64
1.0,-64
1.0,-64
1.0,-64
1.0,-64
1.0,-64
1.0,-64
1.0,-64
1.0,-64
1.0,-64
1.0,-64
1.0,-64
1.0,-64
1.0,-64
1.0,-64
1.0,-64
1.0,-64
1.0,-64
1.0,-64
1.0,-64
1.0,-64
1.0,-64
1.0,-64
1.0,-64
1.0,-64
1.0,-64
1.0,-64
1.0,-64
1.0,-64
1.0,-64
1.0,-64
1.0,-64
1.0,-64
1.0,-64
1.0,-64
1.0,-64
1.0,-64
1.0,-63
1.0,-63
1.0,-63
1.0,-63
1.0,-63
1.0,-63
1.0,-63
1.0,-63
1.0,-63
1.0,-63
1.0,-63
1.0,-63
1.0,-63
1.0,-63
1.0,-63
1.0,-63
1.0,-63
1.0,-63
1.0,-63
1.0,-63
1.0,-63
1.0,-63
1.0,-63
1.0,-63
1.0,-63
1.0,-63
1.0,-63
1.0,-63
1.0,-63
1.0,-63
1.0,-63
1.0,-62
1.0,-62
1.0,-62
1.0,-62
1.0,-61
